Workbook

Sheet All Models
A1: Incident Pattern Analysis Tracker — All Models (30 Runs Each)
A2: Model | B2: Run # | C2: Hourly Trend? | D2: Hourly Details | E2: Daily Trend? | F2: Daily Details | G2: Weekly Cycle Trend? | H2: Weekly Details | I2: Monthly/Seasonal Trend? | J2: Monthly Details | K2: Spike/Cluster Pattern? | L2: Time Spike Details between date range | M2: Other Trends Found? | N2: Other Trend Details | O2: Total Time Trend | P2: Total Non Time Trend | Q2: Total Trends overall
A3: ChatGPT 5.5 | B3: 1 | C3: Yes | D3: The dataset shows a measurable hourly structure, with the strongest concentration occurring overnight and during early-shift operations. The 2:00 AM hour alone contained 17 incidents, the highest of any hour, while the 12 PM hour had 15 and the 6 AM hour had 14. The 12:00 AM–6:59 AM window accounted for 72 incidents, or 36% of all cases. However, incidents still occurred throughout all 24 hours, so the cycle is directional rather than sharply deterministic. The pattern appears associated with maintenance work, continuous manufacturing, and shift-transition operations rather than one isolated operational window. | E3: No | F3: The dataset does not exhibit a persistent day-specific surge pattern across the calendar. Most dates recorded only one incident. The busiest dates — Saturday, October 12, 2024; Monday, October 21, 2024; and Sunday, December 8, 2024 — each had only 3 incidents. Several dates had 2 incidents, but these clusters were dispersed across the year rather than concentrated into sustained waves. The evidence supports chronic background operational risk rather than strong calendar-date dependency. | G3: Yes | H3: Weekly variation exists, although it is moderate rather than extreme. Sunday had the highest total with 35 incidents, followed by Monday with 33, while Friday had the fewest with 24. Weekend days accounted for 62 incidents overall, creating a slightly higher per-day incident density than weekdays. This suggests elevated risk during weekend staffing conditions, overtime work, or maintenance windows. However, the difference is not large enough to imply a sharply segmented operational cycle. | I3: Yes | J3: Monthly variation exists but does not form a strong seasonal structure. February had the highest count with 28 incidents, while January, March, and November each had 12. Quarterly totals were extremely balanced: Q1 and Q4 each recorded 52 incidents, Q2 had 46, and Q3 had 50. Heat-related injuries appeared more often in warmer months and ice-related slips appeared in colder periods, but these sub-patterns did not materially reshape the overall distribution. The dataset therefore behaves as a year-round severe injury environment rather than a seasonally concentrated one. | K3: Yes | L3: Several localized clusters occurred despite the absence of a single dominant outbreak event. The strongest cluster was October 18–21, 2024, which contained 7 incidents across 4 days. February 12–14, 2024 produced 6 incidents across 3 days, and August 3–5, 2024 produced 5 incidents across 3 days. The most concentrated hourly band was 12:00 AM–6:59 AM with 72 incidents total. These clusters are meaningful statistically, but they remain relatively small compared with the full-year distribution. | M3: Yes | N3: Count: 5 — (1) Maintenance/Cleaning Exposure: A large share of injuries occurred while employees were cleaning, troubleshooting, clearing jams, or maintaining energized equipment, especially conveyors, presses, rollers, and cutters; (2) Finger and Hand Trauma Dominance: Finger amputations and crush injuries appeared repeatedly across presses, saws, conveyors, hydraulic tools, and forklifts, making hand trauma one of the clearest recurring patterns; (3) Slip/Trip Severity: Routine slips and trips frequently escalated into severe fractures involving hips, femurs, wrists, ankles, and skull injuries rather than minor trauma; (4) Industrial Vehicle Interaction: Forklifts, pallet jacks, trailers, scissor lifts, carts, and powered industrial vehicles repeatedly appeared across otherwise unrelated incident categories; (5) Texas Geographic Concentration: Texas locations such as Houston, Dallas, Austin, Midland, Denton, Amarillo, and Fort Worth appeared unusually frequently throughout the dataset, indicating either reporting density or strong industrial representation. | O3: =COUNTIF(C3,"Yes")+COUNTIF(E3,"Yes")+COUNTIF(G3,"Yes")+COUNTIF(I3,"Yes")+COUNTIF(K3,"Yes") -> 4 | P3: =IF(M3="Yes",SUMPRODUCT(--ISNUMBER(SEARCH({"(1)";"(2)";"(3)";"(4)";"(5)";"(6)";"(7)";"(8)";"(9)"},N3))),0) -> 5 | Q3: =O3+P3 -> 9
A4: ChatGPT 5.5 | B4: 2 | C4: Yes | D4: The dataset shows a meaningful hourly concentration in overnight and early-morning operations. The busiest hour is 2:00 AM with 17 incidents, while the 12:00 AM–6:59 AM period contains 72 incidents, or 36% of the dataset. Midday activity remains elevated, especially around 12:00 PM | E4: No | F4: The dataset does not contain a strong date-level concentration. The highest count on any single date is only three incidents, occurring on Saturday, October 12, 2024; Monday, October 21, 2024; and Sunday, December 8, 2024. Incidents are distributed steadily across the calendar rather than clustering into major outbreak periods. Several short windows contain repeated machinery injuries or falls, but no individual day materially dominates the dataset. The analysis checked for large daily spikes and sustained multi-day surges and found only mild clustering. | G4: No | H4: Sunday has the highest incident count with 35 cases, followed closely by Monday with 33, while Friday has the fewest with 24. Weekend incidents account for 62 of 200 cases, or 31%, which is relatively high and suggests strong industrial/weekend operations exposure. However, the spread between weekdays is small and lacks a strong repeating cyclical structure. The weekday-versus-weekend contrast exists but is not large enough to qualify as a decisive weekly cycle. The analysis checked for clear weekday dominance and consistent weekend suppression and did not find either. | I4: Yes | J4: February is the busiest month with 28 incidents, followed by October with 21 and August with 20. Winter and shoulder-season months contain repeated slip, ice, and fall injuries, while summer months show more heat-related and outdoor operational incidents. June through September contain multiple heat stress, dehydration, and outdoor equipment events. Seasonal movement exists but is moderate rather than extreme, with the busiest month only about 2.3 times larger than the quietest months. The data therefore supports a real but not overwhelming seasonal pattern. | K4: Yes | L4: The clearest cluster appears in overnight operations: 72 incidents occurred between 12:00 AM and 6:59 AM. Date-based spikes are relatively weak, with the maximum daily count reaching only three incidents on October 12, 2024; October 21, 2024; and December 8, 2024. Late February through early March also contains a concentrated run of machine-related amputations and maintenance injuries. The clustering pattern is therefore operational and recurring rather than catastrophic or event-driven. The dataset shows persistent localized bursts instead of large isolated spikes. | M4: Yes | N4: Count: 4 — (1) Machinery Maintenance Exposure: A large share of incidents occurred during machine cleaning, troubleshooting, or maintenance while equipment remained energized, especially involving conveyors, presses, rollers, and saws; (2) Finger and Hand Trauma Concentration: At least 54 incidents involved amputations or avulsions, most commonly affecting fingertips, thumbs, and hands during contact with powered equipment; (3) Warehousing and Logistics Risk: Forklifts, pallet jacks, loading docks, trailers, baggage carts, and conveyor systems recur throughout the dataset, indicating a strong logistics-sector footprint; (4) Severe Low-Height Falls: Numerous hospitalizations resulted from falls under 6 feet, including stair slips, ladder falls, and same-level trips that still produced fractures, skull injuries, or spinal trauma. | O4: =COUNTIF(C4,"Yes")+COUNTIF(E4,"Yes")+COUNTIF(G4,"Yes")+COUNTIF(I4,"Yes")+COUNTIF(K4,"Yes") -> 3 | P4: =IF(M4="Yes",SUMPRODUCT(--ISNUMBER(SEARCH({"(1)";"(2)";"(3)";"(4)";"(5)";"(6)";"(7)";"(8)";"(9)"},N4))),0) -> 4 | Q4: =O4+P4 -> 7
A5: ChatGPT 5.5 | B5: 3 | C5: Yes | D5: The dataset shows a measurable hourly structure with concentrations during overnight and midday periods. The 2:00 AM hour recorded the highest count with 17 incidents, followed by 12 PM with 15 incidents and 6 AM with 14. The 12 AM–3 AM window alone accounted for 45 incidents (22.5% of the dataset). However, the cycle is only moderately consistent because incidents occur across nearly every hour of the day, and even low-volume hours such as 10 AM and 9 PM still recorded four incidents each. The pattern therefore qualifies as a real but broad operational-cycle trend rather than a sharply concentrated hourly rhythm. | E5: No | F5: The analysis checked for recurring high-volume calendar dates and concentrated daily bursts. The largest individual dates — Sunday, December 8, 2024; Saturday, October 12, 2024; and Monday, October 21, 2024 — each recorded only three incidents. Most days in the dataset contained a single incident, indicating the injuries were widely distributed rather than clustered around specific dates. February did contain several two-incident days, but those did not establish a dominant recurring daily cycle. Because no individual dates consistently stand out at a materially higher level, the dataset does not support a strong standalone daily trend. | G5: No | H5: The analysis tested both weekday ranking and weekday-versus-weekend behavior. Sunday recorded the highest count with 35 incidents, while Friday recorded the fewest with 24, but the spread across weekdays remained relatively narrow. Weekends accounted for 62 incidents (31.0%), which is substantial and weakens the idea of a classic Monday–Friday operational cycle. Monday through Thursday all stayed within a tight 26–33 incident range, showing no sharply repeating weekly rhythm. The dataset therefore suggests continuous operational exposure across the full week rather than a strong cyclical weekly pattern. | I5: Yes | J5: February recorded the highest monthly total with 28 incidents, followed by October with 21 and August with 20. January, March, and November were the weakest months with 12 incidents each. The dataset also shows partial environmental seasonality: winter months contained more ice- and slip-related injuries, while warmer months included repeated heat illness and dehydration hospitalizations. Summer activity increased moderately during June–August, and another measurable rise occurred during October. Although the curve is not perfectly smooth, the repeated monthly shifts and environmental hazard changes are strong enough to qualify as a seasonal pattern. | K5: Yes | L5: The strongest concentration occurred during the week ending February 18, 2024, which recorded 10 incidents. Elevated activity continued into the following week ending February 25, 2024, with 8 incidents, creating a sustained late-February cluster. Another smaller cluster appeared around October 12–21, 2024, where multiple three-incident days occurred and the week ending October 13 recorded 6 incidents. At the hourly level, the 12:00 AM–3:00 AM window contained 45 incidents, making overnight operations a notable concentration zone. These repeated concentrations are materially above surrounding periods and therefore qualify as true clusters. | M5: Yes | N5: Count: 5 — (1) Machinery Entrapment: Conveyor belts, presses, cutters, saws, rollers, pallet jacks, and forklifts repeatedly caused amputations, crush injuries, and fractures during operation or maintenance; (2) Slip-and-Fall Lower Body Trauma: Hip, ankle, femur, and leg fractures frequently resulted from slips, stairs, ladders, loading docks, and icy surfaces; (3) Maintenance and Lockout Failures: Multiple narratives explicitly referenced energized equipment, unexpected machine cycling, missing guarding, or maintenance during active machine states; (4) Transportation and Material Handling Hazards: Forklift collisions, falling loads, trailer incidents, and pedestrian strikes appeared consistently across warehouse and industrial environments; (5) Environmental Exposure: Heat illness, burns, chemical exposure, electrical arc incidents, and insect attacks formed a smaller but persistent secondary hazard group across the year. | O5: =COUNTIF(C5,"Yes")+COUNTIF(E5,"Yes")+COUNTIF(G5,"Yes")+COUNTIF(I5,"Yes")+COUNTIF(K5,"Yes") -> 3 | P5: =IF(M5="Yes",SUMPRODUCT(--ISNUMBER(SEARCH({"(1)";"(2)";"(3)";"(4)";"(5)";"(6)";"(7)";"(8)";"(9)"},N5))),0) -> 5 | Q5: =O5+P5 -> 8
A6: ChatGPT 5.5 | B6: 4 | C6: Yes | D6: The dataset shows a meaningful overnight concentration. The 2:00 AM hour alone recorded 17 incidents (8.5%), while the 12:00 AM–6:59 AM window contained 72 incidents, or 36% of all records. Noon-hour activity was also elevated, with 15 incidents around 12 PM and 14 around 6 AM. The cycle is not perfectly smooth day-to-day because adjacent hours fluctuate sharply, but the overnight maintenance/industrial-shift concentration is consistent enough to qualify as a real trend. | E6: No | F6: The data does not contain strong single-day surges. The busiest dates — October 12, 2024; October 21, 2024; and December 8, 2024 — each recorded only three incidents. Most dates contained either one incident or none at all, meaning the distribution is broad and dispersed. The dataset reflects recurring operational risk rather than concentrated event-driven spikes. | G6: Yes | H6: Sunday recorded the highest number of incidents with 35 cases, while Friday had the fewest at 24. Monday was also elevated at 33 incidents. The weekday-versus-weekend contrast was moderate rather than dramatic, with 138 weekday incidents versus 62 weekend incidents. The unusually high Sunday count suggests maintenance, logistics, or non-routine operations may increase weekend exposure. | I6: Yes | J6: February was the highest month with 28 incidents, followed by October with 21 and August with 20. Winter months showed repeated slip-and-fall injuries involving ice and wet conditions, while summer and early fall contained more heat-related incidents and outdoor operational injuries. Heat illness records appeared repeatedly between April and September. Despite these seasonal effects, machinery-related amputations persisted throughout the entire year. | K6: Yes | L6: The strongest cluster occurred between 12:00 AM and 6:59 AM, where 72 incidents were recorded. This range captured 36% of all incidents despite covering less than one-third of the day. Many of these incidents involved maintenance, troubleshooting, cleaning, or jam-clearing operations on active machinery. Geographic clustering was also strong, with Texas alone accounting for 42 incidents and Texas plus Florida combining for 71 cases. | M6: Yes | N6: Count: 3 — (1) Machine-Interaction Injuries: Powered equipment, conveyors, presses, cutters, and forklifts repeatedly caused crush injuries and amputations, especially involving hands and fingers; (2) Fracture-Dominant Trauma: Fractures accounted for 74 incidents, making skeletal injuries substantially more common than burns, shocks, or chemical exposure; (3) Transitional-Task Risk: Many injuries occurred during maintenance, cleaning, ladder descent, walking, unloading, or machine-jam clearing rather than during primary production activity itself. | O6: =COUNTIF(C6,"Yes")+COUNTIF(E6,"Yes")+COUNTIF(G6,"Yes")+COUNTIF(I6,"Yes")+COUNTIF(K6,"Yes") -> 4 | P6: =IF(M6="Yes",SUMPRODUCT(--ISNUMBER(SEARCH({"(1)";"(2)";"(3)";"(4)";"(5)";"(6)";"(7)";"(8)";"(9)"},N6))),0) -> 3 | Q6: =O6+P6 -> 7
A7: ChatGPT 5.5 | B7: 5 | C7: Yes | D7: The dataset shows a meaningful hourly concentration during overnight operations. The busiest hour was 2:00 AM with 17 incidents (8.5% of all reports), and the 12:00 AM–5:59 AM window accounted for 58 incidents (29%). Midday activity was also elevated, especially around 12:00 PM and 2:00 PM. However, the pattern is not perfectly uniform across all days, meaning the overnight signal is real but not mechanically repetitive day-to-day. The concentration likely reflects maintenance shifts, continuous manufacturing, logistics operations, and reduced-supervision periods. | E7: No | F7: Individual dates occasionally showed localized spikes, including Sunday, December 8, 2024; Monday, October 21, 2024; and Saturday, October 12, 2024, each with 3 incidents. Several other dates recorded two incidents, particularly during February and October. However, no single date or repeating calendar-day pattern consistently dominated the dataset. The incidents were broadly distributed throughout the year rather than tied to specific recurring calendar dates. Because the concentrations were intermittent and short-lived, the dataset does not support a stable daily trend structure. | G7: Yes | H7: Sunday recorded the highest total with 35 incidents, while Friday had the fewest at 24. Weekdays collectively accounted for 138 incidents (69%), compared with 62 incidents (31%) on weekends. The contrast is moderate rather than extreme because weekend activity remained substantial. The elevated Sunday count suggests heavy representation from continuous-operation industries such as warehousing, manufacturing, transportation, and maintenance. The weekly cycle exists, but it is relatively broad and operational rather than sharply behavioral. | I7: Yes | J7: February was the highest-volume month with 28 incidents (14%), followed by October with 21 and August with 20. January, March, and November each recorded only 12 incidents. Heat-related illnesses appeared primarily from spring through early fall, while ice- and slip-related fractures appeared more often during winter and transitional months. The data does not show a smooth seasonal curve; instead, it shows multiple operational peaks across late winter, summer, and fall. These patterns suggest changing environmental and operational hazards rather than a single annual seasonal cycle. | K7: Yes | L7: The strongest cluster occurred from February 12–27, 2024, during which 20 incidents were recorded. Another concentrated period occurred from October 6–21, 2024, with 14 incidents. Overnight hours also formed a strong cluster, with 58 incidents occurring between 12:00 AM and 5:59 AM. These bursts included repeated machinery injuries, fractures, falls, and struck-by events. The clustering appears operationally driven rather than random because similar injury types repeatedly appeared in compressed windows. | M7: Yes | N7: Count: 4 — (1) Machinery Contact Injuries: Machinery-related amputations and crushing injuries were pervasive, especially involving presses, conveyors, rollers, cutters, and forklifts; (2) Maintenance/Cleaning Exposure: Many severe injuries occurred during troubleshooting, jam-clearing, inspection, or cleaning tasks rather than routine steady-state production; (3) Slip-and-Fall Severity: Same-level slips and short-distance falls frequently caused major fractures, especially hip, ankle, wrist, and rib fractures; (4) Material Handling Instability: Shifting loads, falling stock, unstable pallets, and collapsing material stacks repeatedly caused crushing injuries, fractures, and amputations. | O7: =COUNTIF(C7,"Yes")+COUNTIF(E7,"Yes")+COUNTIF(G7,"Yes")+COUNTIF(I7,"Yes")+COUNTIF(K7,"Yes") -> 4 | P7: =IF(M7="Yes",SUMPRODUCT(--ISNUMBER(SEARCH({"(1)";"(2)";"(3)";"(4)";"(5)";"(6)";"(7)";"(8)";"(9)"},N7))),0) -> 4 | Q7: =O7+P7 -> 8
A8: ChatGPT 5.5 | B8: 6 | C8: Yes | D8: The dataset shows a measurable hourly concentration pattern. The single busiest hour was 2:00 AM with 17 incidents, followed by 12:00 PM with 15 and 6:00 AM with 14. Overnight and early-morning operations collectively produced a disproportionate share of severe injuries, especially between midnight and 6:00 AM. However, incidents still occurred during every hour of the day, so the cycle is directional rather than sharply concentrated. The quietest hours were 10:00 AM and 9:00 PM with only 4 incidents each. | E8: No | F8: Individual dates rarely contained more than one incident, which weakens the evidence for a meaningful daily trend structure. The largest single-day spikes were October 12, 2024, October 21, 2024, and December 8, 2024, each with 3 incidents, while several other dates had 2 incidents. These spikes were isolated and not connected into sustained runs. The overall pattern looked like a continuous stream of independent severe injuries rather than synchronized surges tied to specific calendar days. | G8: No | H8: Sundays had the highest incident count with 35 cases, while Fridays had the fewest with 24. Weekdays collectively accounted for 138 incidents versus 62 on weekends, but after adjusting for the larger number of weekdays, the contrast weakened considerably. Weekend activity remained consistently elevated, especially on Sundays. Because no weekday consistently dominated and the spread across the week stayed relatively narrow, the dataset does not support a strong weekly operational cycle. | I8: No | J8: February recorded the highest monthly total with 28 incidents, followed by October with 21 and August with 20. January, March, and November each recorded only 12 incidents. There was a mild elevation from late summer into early fall, but the variation was not strong enough to establish a robust seasonal cycle because incidents remained active throughout the entire year. Heat-related injuries did show seasonal concentration between April and September, but total injury volume itself stayed relatively stable. | K8: Yes | L8: The clearest clusters were thematic rather than date-driven. Machinery-related hand injuries formed the strongest cluster, with 54 incidents involving amputations, avulsions, or fingertip loss. Another major cluster involved falls and slips, including 22 “fall on same level due to slip or trip” incidents plus many additional ladder and stair falls. Temporal spikes were comparatively weak, with the largest daily surges reaching only 3 incidents on October 12, October 21, and December 8, 2024. Overnight operations also formed a loose time cluster, with 45 incidents occurring between 12:00 AM and 3:59 AM. | M8: Yes | N8: Count: 5 — (1) Finger/Hand Trauma Concentration: Severe hand injuries dominated machinery incidents, especially involving presses, conveyors, saws, rollers, grinders, and cutters; (2) Maintenance Hazard Exposure: A large share of incidents occurred during troubleshooting, cleaning, inspection, or jam-clearing rather than normal production; (3) Fracture Dominance: Fractures accounted for 74 of 200 incidents, making skeletal injuries the most common outcome category; (4) Texas Geographic Concentration: Texas alone contributed 42 incidents, representing 21% of the dataset and far exceeding any other state; (5) Powered Industrial Vehicle Presence: Forklifts, pallet jacks, scissor lifts, excavators, and similar vehicles appeared repeatedly across collision, crushing, and struck-by incidents. | O8: =COUNTIF(C8,"Yes")+COUNTIF(E8,"Yes")+COUNTIF(G8,"Yes")+COUNTIF(I8,"Yes")+COUNTIF(K8,"Yes") -> 2 | P8: =IF(M8="Yes",SUMPRODUCT(--ISNUMBER(SEARCH({"(1)";"(2)";"(3)";"(4)";"(5)";"(6)";"(7)";"(8)";"(9)"},N8))),0) -> 5 | Q8: =O8+P8 -> 7
A9: ChatGPT 5.5 | B9: 7 | C9: No | D9: The dataset shows a mild overnight concentration, especially around 2:00 AM (17 incidents) and 6:00 AM (16 incidents), but the hourly spread is too broad to qualify as a strong repeating cycle. The lowest hour, 10:00 AM, still had 4 incidents, meaning activity remained distributed across the full day. Overnight incidents were heavily tied to maintenance, warehousing, conveyor systems, and powered industrial equipment. The pattern exists directionally but lacks enough consistency day-to-day to qualify as a definitive hourly cycle. | E9: No | F9: Sundays recorded the highest count with 35 incidents, followed closely by Mondays with 33. Fridays were lowest with 24 incidents. Specific dates with elevated activity included Saturday, October 12, 2024; Monday, October 21, 2024; and Sunday, December 8, 2024, each with 3 incidents. However, most dates only contained one incident, and the spread between days was relatively narrow. The evidence supports mild variation but not a strong daily trend. | G9: No | H9: Weekdays accounted for 138 incidents while weekends accounted for 62, meaning weekends still represented 31% of all incidents. Sunday alone was actually the highest single day category with 35 incidents. This weak weekday-versus-weekend separation suggests many incidents occurred in industries operating continuously, including manufacturing, healthcare, warehousing, transportation, and maintenance operations. Because the contrast between weekdays and weekends was limited, the dataset does not support a strong weekly cycle trend. | I9: Yes | J9: February had the highest monthly count with 28 incidents, followed by October with 21 and August with 20. August through October combined for 55 incidents, representing 27.5% of the dataset. Heat-related incidents became more visible in late spring through early fall, including documented heat illness and dehydration cases in May, June, and September. Despite this, machinery injuries and falls persisted year-round, indicating the seasonal effect was additive rather than dominant. | K9: Yes | L9: The dataset contains only localized mini-clusters rather than major spikes. The clearest concentration occurred during August–October 2024 with 55 incidents total, and February 2024 alone contained 28 incidents. Individual dates such as October 12, 2024, October 21, 2024, and December 8, 2024 each recorded 3 incidents, but no sustained multi-day outbreak pattern emerged. The data is fundamentally dispersed rather than clustered. | M9: Yes | N9: Count: 5 — (1) Machinery Exposure: Powered equipment, conveyors, presses, saws, forklifts, and pallet jacks dominate the narratives and repeatedly caused crush injuries, amputations, and fractures; (2) Finger and Hand Trauma: Fingertip amputations, crushed fingers, and hand entanglements appear throughout the dataset and represent one of the clearest injury themes; (3) Maintenance Vulnerability: Many incidents occurred during cleaning, troubleshooting, jam clearing, adjustment, or testing operations rather than normal production; (4) Slip/Trip Severity: Routine walking surfaces, stairs, pallets, wet floors, and ice frequently caused severe fractures and hospitalizations; (5) Warehousing/Logistics Concentration: Forklifts, loading docks, conveyors, storage systems, and freight handling environments appear repeatedly across states and months. | O9: =COUNTIF(C9,"Yes")+COUNTIF(E9,"Yes")+COUNTIF(G9,"Yes")+COUNTIF(I9,"Yes")+COUNTIF(K9,"Yes") -> 2 | P9: =IF(M9="Yes",SUMPRODUCT(--ISNUMBER(SEARCH({"(1)";"(2)";"(3)";"(4)";"(5)";"(6)";"(7)";"(8)";"(9)"},N9))),0) -> 5 | Q9: =O9+P9 -> 7
A10: ChatGPT 5.5 | B10: 8 | C10: No | D10: The dataset shows some concentration overnight, especially between 12:00 AM and 6:59 AM with 72 incidents, and the single busiest hour is 2:00 AM with 17 incidents. Noon also remains elevated with 15 incidents, which weakens the idea of one dominant operational cycle. The spread between the highest and lowest hours is moderate rather than extreme, with low points like 10:00 AM and 9:00 PM each having 4 incidents. The cycle is therefore not consistent enough day-to-day to qualify as a stable hourly trend. | E10: No | F10: The highest number of incidents on any single date is only 3, occurring on October 12, 2024; October 21, 2024; and December 8, 2024. Most dates contain only one incident, and many contain two. The dataset does not produce recurring high-risk calendar dates or sustained daily surges. While some dates contain thematic clustering, the overall distribution is operationally scattered rather than calendar-driven. | G10: No | H10: Sunday records the highest total with 35 incidents, while Friday records the fewest with 24. Weekends contribute 62 incidents, or 31% of the dataset, which is somewhat elevated relative to their share of the week. However, the weekday distribution remains relatively balanced, with Tuesday through Thursday all falling within a narrow 26–28 range. The differences are too small and inconsistent to establish a reliable weekly operating cycle. | I10: Yes | J10: February contains 28 incidents, making it the strongest month despite being the shortest. Summer and early fall months show increased heat-related incidents, especially from April through September in southern states like Texas and Florida. Winter and late-winter periods contain repeated ice-related slips and fractures, while autumn contains elevated machinery and amputation incidents. The dataset therefore shows rotating seasonal hazard types rather than one uniform annual wave. | K10: Yes | L10: The clearest cluster occurs during overnight operations between 12:00 AM and 6:59 AM, where 72 incidents occur. Several short-range daily clusters also appear during February 4–24, 2024 and October 12–21, 2024, though no single day exceeds 3 incidents. Machinery-related finger amputations recur continuously across these ranges, especially during maintenance and troubleshooting tasks. The clustering is more operational and injury-type driven than purely date-driven. | M10: Yes | N10: Count: 4 — (1) Maintenance/Cleaning Exposure: A large number of severe injuries occurred while workers were cleaning, troubleshooting, clearing jams, or servicing energized equipment, especially conveyors, presses, and cutters; (2) Hand/Finger Injury Concentration: Finger amputations and crush injuries repeatedly appeared across presses, saws, rollers, conveyors, and forklifts, making hand trauma one of the dominant injury themes; (3) Forklift and Industrial Vehicle Hazard: Forklifts, pallet jacks, scissor lifts, trailers, and excavators repeatedly contributed to crush injuries, fractures, and pinning incidents across warehouses and industrial sites; (4) Slip/Fall Surface Hazard: Severe fractures repeatedly resulted from ice, wet floors, stairs, ladders, warehouse clutter, and unstable walking surfaces across many unrelated industries. | O10: =COUNTIF(C10,"Yes")+COUNTIF(E10,"Yes")+COUNTIF(G10,"Yes")+COUNTIF(I10,"Yes")+COUNTIF(K10,"Yes") -> 2 | P10: =IF(M10="Yes",SUMPRODUCT(--ISNUMBER(SEARCH({"(1)";"(2)";"(3)";"(4)";"(5)";"(6)";"(7)";"(8)";"(9)"},N10))),0) -> 4 | Q10: =O10+P10 -> 6
A11: ChatGPT 5.5 | B11: 9 | C11: Yes | D11: The dataset shows a meaningful hourly structure, with the strongest concentration occurring overnight and in early morning operations. The 2:00 AM hour contained 17 incidents, the highest of any hour, while midnight through 6:59 AM accounted for 72 of 200 incidents (36%). Midday activity was also elevated, especially around 12 PM with 15 incidents. However, the cycle was not perfectly smooth because incidents occurred across nearly every hour. The weakest hours were 10 AM and 9 PM with only 4 incidents each. | E11: No | F11: The analysis checked for recurring high-volume dates and concentrated calendar spikes. Most dates contained only one incident, with an average of roughly 1.23 incidents per active day. Only October 12, 2024, October 21, 2024, and December 8, 2024 reached 3 incidents each. Several February dates had two incidents, but no sustained single-date pattern emerged. The data therefore does not support a strong recurring daily concentration trend. | G11: No | H11: Sunday had the highest total with 35 incidents, followed by Monday with 33, while Friday had the lowest weekday total at 24. Weekdays collectively accounted for 138 incidents (69%) versus 62 on weekends (31%). Although weekend activity was unusually high for an industrial dataset, the differences between weekdays were not large enough to establish a stable or strongly repeating weekly cycle. The analysis specifically checked for a classic weekday-versus-weekend operational split and found only a moderate imbalance. | I11: Yes | J11: February was the strongest month with 28 incidents, followed by October with 21 and August with 20. January, March, and November were the weakest months with 12 incidents each. Summer months (June–August) combined for 54 incidents, or 27% of the dataset, including several heat-related hospitalizations. Fall activity also stayed elevated, with September and October totaling 35 incidents. The data supports moderate seasonality rather than an extreme seasonal swing. | K11: Yes | L11: The strongest weekly cluster occurred during the week ending February 18, 2024, with 10 incidents. Another elevated cluster occurred during the week ending February 25, 2024, with 8 incidents. On an hourly basis, the 2:00 AM–2:59 AM window produced 17 incidents, making it the strongest time-of-day concentration. Smaller machinery-amputation bursts also appeared during August and October. The clusters were real but distributed rather than dominated by one catastrophic surge. | M11: Yes | N11: Count: 4 — (1) Machinery Interaction Dominance: Powered industrial equipment, conveyors, presses, forklifts, and saws repeatedly appeared in severe injuries, especially during maintenance, cleaning, troubleshooting, or jam-clearing activities; (2) Finger/Hand Injury Concentration: Finger amputations and crush injuries were extremely common, particularly involving pinch points, rotating machinery, and cutting equipment; (3) Slip/Fall Severity: Slip-and-fall incidents frequently resulted in major fractures, skull trauma, and hospitalization rather than minor injuries; (4) Powered Industrial Vehicle Exposure: Forklifts, pallet jacks, loaders, and industrial vehicles repeatedly appeared in crush, collision, pinned-worker, and falling-load incidents throughout the year. | O11: =COUNTIF(C11,"Yes")+COUNTIF(E11,"Yes")+COUNTIF(G11,"Yes")+COUNTIF(I11,"Yes")+COUNTIF(K11,"Yes") -> 3 | P11: =IF(M11="Yes",SUMPRODUCT(--ISNUMBER(SEARCH({"(1)";"(2)";"(3)";"(4)";"(5)";"(6)";"(7)";"(8)";"(9)"},N11))),0) -> 4 | Q11: =O11+P11 -> 7
A12: ChatGPT 5.5 | B12: 10 | C12: Yes | D12: The dataset shows a meaningful overnight concentration, especially around 2:00 AM with 17 incidents, while the 12 PM hour contains 15 incidents and 6 AM contains 14 incidents. Overnight activity from midnight through 6:59 AM accounts for 72 incidents, or 36% of all records. This suggests severe injuries are strongly tied to 24-hour industrial operations rather than only daytime office-hour work. However, the cycle is broad rather than sharply peaked, meaning the hourly pattern exists but is operationally diffuse across the full day. | E12: No | F12: The dataset does not show a strong repeatable day-by-date pattern because most calendar dates contain only one incident. The highest-volume dates — Sunday, December 8, 2024; Monday, October 21, 2024; and Saturday, October 12, 2024 — each contain only three incidents. Several short bursts appear in February and October, but they are too small and inconsistent to establish a reliable daily cycle. The data is therefore temporally sparse at the single-date level. | G12: No | H12: Sundays contain the highest number of incidents with 35 cases, while Fridays contain the fewest with 24. Weekends still account for 62 incidents, or 31% of all records, showing that industrial activity continues heavily outside the standard workweek. However, the spread across weekdays is relatively flat, and no weekday consistently dominates the dataset strongly enough to establish a robust weekly cycle. The difference between the highest and lowest weekday counts is only 11 incidents across the entire year. | I12: Yes | J12: February records the highest monthly total with 28 incidents, followed by October with 21 and August with 20. A broader late-summer and early-fall concentration appears from August through October, totaling 55 incidents or 27.5% of all records. Heat-related injuries also cluster between spring and early fall, including dehydration, heat illness, and heat stroke events. Although the seasonal effect is moderate rather than extreme, the elevated counts and changing injury mix support a real seasonal trend. | K12: Yes | L12: The strongest cluster occurs between 12:00 AM and 6:00 AM, where 58 incidents are recorded. Many of these involve machinery cleaning, troubleshooting, conveyor maintenance, jam clearing, or powered equipment servicing. A second cluster appears from August through October 2024 with 55 incidents combined. The dataset also contains a concentrated structural cluster of more than 50 amputation-related injuries tied to presses, saws, rollers, cutters, conveyors, and forklifts. | M12: Yes | N12: Count: 5 — (1) Machinery Entrapment: Powered equipment and pinch-point incidents repeatedly involve conveyors, presses, grinders, saws, and forklifts causing crush injuries and amputations; (2) Finger/Hand Trauma: Finger and thumb amputations recur throughout the dataset and are one of the clearest injury signatures; (3) Slip/Fall Severity: Same-level slips and short falls frequently produce severe fractures, skull injuries, and spinal trauma despite relatively low fall heights; (4) Material Handling Hazards: Falling loads, shifting materials, pallets, drywall, steel, and tubing repeatedly injure workers during transport or storage operations; (5) Maintenance Exposure: A disproportionate share of incidents occur during equipment cleaning, troubleshooting, repair, testing, or jam-clearing activities where guarding and normal operating protections are reduced. | O12: =COUNTIF(C12,"Yes")+COUNTIF(E12,"Yes")+COUNTIF(G12,"Yes")+COUNTIF(I12,"Yes")+COUNTIF(K12,"Yes") -> 3 | P12: =IF(M12="Yes",SUMPRODUCT(--ISNUMBER(SEARCH({"(1)";"(2)";"(3)";"(4)";"(5)";"(6)";"(7)";"(8)";"(9)"},N12))),0) -> 5 | Q12: =O12+P12 -> 8
A13: ChatGPT 5.5 | B13: 11 | C13: Yes | D13: The dataset shows a meaningful overnight concentration. The 2:00 AM hour contains 17 incidents, the highest of any hour, while midnight–6:59 AM collectively account for 72 of 200 incidents (36%). Noon also shows elevated activity with 15 incidents. The pattern is fairly consistent with maintenance, cleaning, and industrial operations recurring overnight, although the exact hourly peaks fluctuate rather than forming a perfectly smooth cycle. | E13: No | F13: Individual dates do not show sustained or dominant spikes. The highest-volume dates — Saturday, October 12, 2024; Monday, October 21, 2024; and Sunday, December 8, 2024 — each contain only 3 incidents. Many dates contain only one event, and the dataset is broadly distributed across the calendar. The data therefore does not support a strong recurring daily concentration pattern. | G13: No | H13: Sunday records the highest count with 35 incidents, while Friday records the fewest with 24. Weekend activity is proportionally elevated relative to the number of weekend days, suggesting continuous industrial operations. However, the spread between weekdays is moderate rather than dramatic, and no day consistently dominates enough to establish a strong weekly cycle. | I13: Yes | J13: February has the highest monthly count with 28 incidents, followed by October with 21 and August with 20. February also contains 11 fall-related incidents and 8 amputation-related injuries, indicating elevated winter operational hazards. June contains the highest concentration of fall-related injuries with 12 cases. Heat-related incidents cluster mostly in warmer months such as May and September, while icy slip/trip narratives are concentrated in colder periods. | K13: Yes | L13: A strong overnight operational cluster exists between 12:00 AM and 6:00 AM with 72 incidents total. A second thematic cluster involves machine-related amputations and crushing injuries tied to conveyors, presses, shears, rollers, and saws, accounting for more than one-quarter of all records. Another clear cluster links falls, slips, ladders, and stairs with fractures, which appear in 74 incidents overall. These clusters are operationally consistent even though no single catastrophic spike dominates the dataset. | M13: Yes | N13: Count: 5 — (1) Maintenance-State Vulnerability: Many injuries occurred during troubleshooting, unjamming, cleaning, setup, or repair rather than routine production work; (2) Hand/Finger Trauma Concentration: Fingertip, thumb, and hand amputations appear repeatedly across machine-related incidents involving presses, shears, grinders, and conveyors; (3) Powered Industrial Vehicle Exposure: Forklifts, pallet jacks, scissor lifts, and loaders repeatedly appear in crush, collision, and struck-by events; (4) Fracture-Dominant Injury Profile: Fractures account for 74 of 200 incidents, making them the single most common injury outcome; (5) Industrial Environment Concentration: Warehousing, manufacturing, logistics, and construction settings dominate the narratives far more than office or retail environments. | O13: =COUNTIF(C13,"Yes")+COUNTIF(E13,"Yes")+COUNTIF(G13,"Yes")+COUNTIF(I13,"Yes")+COUNTIF(K13,"Yes") -> 3 | P13: =IF(M13="Yes",SUMPRODUCT(--ISNUMBER(SEARCH({"(1)";"(2)";"(3)";"(4)";"(5)";"(6)";"(7)";"(8)";"(9)"},N13))),0) -> 5 | Q13: =O13+P13 -> 8
A14: ChatGPT 5.5 | B14: 12 | C14: Yes | D14: The dataset shows a measurable hourly structure, with 2:00 AM recording 17 incidents, the highest single-hour concentration in the sample. Noon-hour activity is also elevated with 15 incidents around 12 PM, while 6 AM contains 14 incidents. Overnight periods from 12:00 AM–3:59 AM collectively account for roughly 45 incidents, heavily concentrated in maintenance, troubleshooting, and machine-contact scenarios. However, the cycle is not perfectly uniform day-to-day because different hazard categories dominate different hours. The overnight spike is especially associated with manufacturing and powered-equipment incidents rather than all injury types equally. | E14: No | F14: I checked incident frequency by full calendar date and weekday distribution. While a few dates such as Saturday, October 12, 2024 and Monday, October 21, 2024 reached 3 incidents, most dates only contained one incident. There was no sustained sequence of unusually high-volume dates that would qualify as a stable day-level operational trend. The dataset is dispersed across many locations and industries rather than dominated by recurring “high-risk dates.” The observed peaks are therefore isolated clusters rather than consistent daily patterns. | G14: Yes | H14: Sundays recorded 35 incidents and Mondays 33, while Fridays had only 24 incidents. Weekend activity was unexpectedly strong, indicating substantial continuous-operation work such as warehousing, logistics, maintenance, and industrial processing. Saturdays and Sundays together contributed 62 incidents, which is high relative to a traditional office-centered workweek pattern. The weekend effect is real but somewhat noisy because weekday counts remain fairly close overall. The strongest weekend narratives involve forklifts, maintenance, powered equipment, and fall incidents. | I14: Yes | J14: February contained 28 incidents, making it the strongest visible month, followed by October with 21 and August with 20. Winter months showed repeated ice- and slip-related fractures, including broken hips, femurs, and ankle injuries tied to loading docks, parking lots, and freezer environments. Summer and early-fall periods showed more heat-related hospitalizations, dehydration, and outdoor operational injuries. The seasonal pattern is category-specific rather than linear, with different hazards dominating different parts of the year. There is no smooth annual rise or decline, but there are recognizable seasonal hazard shifts. | K14: Yes | L14: The clearest temporal cluster occurred during the overnight block from 12:00 AM–3:59 AM, which contained approximately 45 incidents across the 200-record sample. A concentrated operational cluster also appeared during August 20–23, 2024, when four severe machine- and vehicle-related incidents occurred within four consecutive days. Another dense activity period occurred from February 20–27, 2024, with repeated forklift, crushing, fall, and machine-amputation incidents. These bursts are thematic and operational rather than tied to a single employer or geographic area. Even during clusters, incidents remained geographically distributed. | M14: Yes | N14: Count: 4 — (1) Hand/Finger Trauma Dominance: Finger, thumb, and hand amputations recur across presses, grinders, conveyors, saws, forklifts, and cutting machinery, making upper-extremity trauma one of the strongest structural patterns in the dataset; (2) Maintenance-State Hazard: A large share of severe incidents occurred during cleaning, troubleshooting, jam-clearing, inspection, repair, or setup rather than normal production operations, indicating elevated danger during transitional machine states; (3) Forklift and Powered Vehicle Interaction: Forklifts, pallet jacks, scissor lifts, and powered industrial vehicles repeatedly appear in crushing, collision, struck-by, and pinning incidents across warehouses and industrial sites; (4) Low-Height Severe Falls: Many fractures and head injuries resulted from falls under 6 feet, stairs, truck exits, and slips on ice or wet surfaces, showing that relatively low elevations still produced hospitalization-level trauma. | O14: =COUNTIF(C14,"Yes")+COUNTIF(E14,"Yes")+COUNTIF(G14,"Yes")+COUNTIF(I14,"Yes")+COUNTIF(K14,"Yes") -> 4 | P14: =IF(M14="Yes",SUMPRODUCT(--ISNUMBER(SEARCH({"(1)";"(2)";"(3)";"(4)";"(5)";"(6)";"(7)";"(8)";"(9)"},N14))),0) -> 4 | Q14: =O14+P14 -> 8
... A92: Gemini 3.1 Pro | B92: 30 | C92: Yes | D92: I checked the data for peak and trough hours and evaluated whether these cycles repeated reliably day-to-day. Although 2:00 AM and 12:00 PM showed overall volume peaks (17 and 15 incidents respectively), these spikes were spread across isolated, individual dates rather than forming a daily repeating cycle. Because the pattern is only partial and does not hold consistently across the majority of days, it does not qualify as a reliable trend. | E92: No | F92: I checked individual dates to see if any specific day acted as a major outlier or harbored a severe mass-incident event. The busiest days on record were Sunday, December 8, 2024, Saturday, October 12, 2024, and Monday, October 21, 2024. However, each of these peak days only saw 3 total incidents, which is statistically flat against the dataset's baseline. Because there were no significant surges tied to a single, full date, this does not qualify as a true daily trend. | G92: Yes | H92: A consistent, somewhat counter-intuitive weekly cycle is present within the data. Sundays (35 cases) and Mondays (33 cases) represent the absolute peak days for severe injuries. Fridays are the safest with only 24 incidents, and weekends altogether represent 31% of the data, strongly hinting at elevated risks outside standard Monday-to-Friday business hours. | I92: No | J92: I analyzed the incidents by month and meteorological season to see if weather or the time of year drove injuries. The distribution is highly noisy, peaking randomly in February (28 cases) and October (21 cases), while dropping to a floor in January, March, and November (12 cases each). Because the variance is scattered and lacks a cohesive curve, no clear monthly or seasonal transition emerged. | K92: Yes | L92: Although daily incident counts are generally flat, smoothing the timeline reveals distinct, localized clusters of injuries. The most notable spike occurred between February 12–24, 2024, where an unusual burst of 18 incidents was recorded. A secondary minor cluster took place between October 12–21, 2024, generating 13 incidents over 10 days. | M92: Yes | N92: Count: 4 — (1) Geographic Concentration: Texas and Florida dominate the dataset with 42 (21%) and 29 (14.5%) cases respectively; (2) Dominant Injury Types: Fractures (37%) and amputations (27%) make up nearly two-thirds of all severe injuries; (3) The Fall-Fracture Pipeline: 18 out of 22 "fall on same level" incidents directly resulted in fractures; (4) Equipment-Amputation Correlation: Amputations heavily stem from running powered equipment, with 23 cases linked directly to machinery maintenance or normal operation. | O92: =COUNTIF(C92,"Yes")+COUNTIF(E92,"Yes")+COUNTIF(G92,"Yes")+COUNTIF(I92,"Yes")+COUNTIF(K92,"Yes") -> 3 | P92: =IF(M92="Yes",SUMPRODUCT(--ISNUMBER(SEARCH({"(1)";"(2)";"(3)";"(4)";"(5)";"(6)";"(7)";"(8)";"(9)"},N92))),0) -> 4 | Q92: =O92+P92 -> 7

Sheet Comparison Summary
A1: Cross-Model Comparison Summary (auto-calculated)
A2: Metric | B2: ChatGPT 5.5 | D2: Claude Sonnet 4.6 | F2: Gemini 3.1 Pro | H2: Leading model
B3: Count | C3: % | D3: Count | E3: % | F3: Count | G3: %
A4: Hourly trends detected | B4: =COUNTIF('All Models'!C3:C32,"Yes") -> 23 | C4: =IFERROR(B4/30,0) -> 0.76666667 | D4: =COUNTIF('All Models'!C33:C62,"Yes") -> 16 | E4: =IFERROR(D4/30,0) -> 0.53333333 | F4: =COUNTIF('All Models'!C63:C92,"Yes") -> 17 | G4: =IFERROR(F4/30,0) -> 0.56666667 | H4: =IF(AND(B4>=D4,B4>=F4),"ChatGPT 5.5",IF(AND(D4>=B4,D4>=F4),"Claude Sonnet 4.6","Gemini 3.1 Pro")) -> ChatGPT 5.5
A5: Daily/day-of-week trends detected | B5: =COUNTIF('All Models'!E3:E32,"Yes") -> 1 | C5: =IFERROR(B5/30,0) -> 0.033333333 | D5: =COUNTIF('All Models'!E33:E62,"Yes") -> 3 | E5: =IFERROR(D5/30,0) -> 0.1 | F5: =COUNTIF('All Models'!E63:E92,"Yes") -> 11 | G5: =IFERROR(F5/30,0) -> 0.36666667 | H5: =IF(AND(B5>=D5,B5>=F5),"ChatGPT 5.5",IF(AND(D5>=B5,D5>=F5),"Claude Sonnet 4.6","Gemini 3.1 Pro")) -> Gemini 3.1 Pro
A6: Weekly cycle trends detected | B6: =COUNTIF('All Models'!G3:G32,"Yes") -> 9 | C6: =IFERROR(B6/30,0) -> 0.3 | D6: =COUNTIF('All Models'!G33:G62,"Yes") -> 1 | E6: =IFERROR(D6/30,0) -> 0.033333333 | F6: =COUNTIF('All Models'!G63:G92,"Yes") -> 21 | G6: =IFERROR(F6/30,0) -> 0.7 | H6: =IF(AND(B6>=D6,B6>=F6),"ChatGPT 5.5",IF(AND(D6>=B6,D6>=F6),"Claude Sonnet 4.6","Gemini 3.1 Pro")) -> Gemini 3.1 Pro
A7: Monthly/seasonal trends detected | B7: =COUNTIF('All Models'!I3:I32,"Yes") -> 26 | C7: =IFERROR(B7/30,0) -> 0.86666667 | D7: =COUNTIF('All Models'!I33:I62,"Yes") -> 2 | E7: =IFERROR(D7/30,0) -> 0.066666667 | F7: =COUNTIF('All Models'!I63:I92,"Yes") -> 20 | G7: =IFERROR(F7/30,0) -> 0.66666667 | H7: =IF(AND(B7>=D7,B7>=F7),"ChatGPT 5.5",IF(AND(D7>=B7,D7>=F7),"Claude Sonnet 4.6","Gemini 3.1 Pro")) -> ChatGPT 5.5
A8: Spike/cluster patterns detected | B8: =COUNTIF('All Models'!K3:K32,"Yes") -> 30 | C8: =IFERROR(B8/30,0) -> 1 | D8: =COUNTIF('All Models'!K33:K62,"Yes") -> 30 | E8: =IFERROR(D8/30,0) -> 1 | F8: =COUNTIF('All Models'!K63:K92,"Yes") -> 29 | G8: =IFERROR(F8/30,0) -> 0.96666667 | H8: =IF(AND(B8>=D8,B8>=F8),"ChatGPT 5.5",IF(AND(D8>=B8,D8>=F8),"Claude Sonnet 4.6","Gemini 3.1 Pro")) -> ChatGPT 5.5
A9: Other (non-time) trends detected | B9: =COUNTIF('All Models'!M3:M32,"Yes") -> 30 | C9: =IFERROR(B9/30,0) -> 1 | D9: =COUNTIF('All Models'!M33:M62,"Yes") -> 30 | E9: =IFERROR(D9/30,0) -> 1 | F9: =COUNTIF('All Models'!M63:M92,"Yes") -> 30 | G9: =IFERROR(F9/30,0) -> 1 | H9: =IF(AND(B9>=D9,B9>=F9),"ChatGPT 5.5",IF(AND(D9>=B9,D9>=F9),"Claude Sonnet 4.6","Gemini 3.1 Pro")) -> ChatGPT 5.5
A10: Avg trends detected per run | B10: =IFERROR(SUM('All Models'!Q3:Q32)/30,0) -> 6.9333333 | D10: =IFERROR(SUM('All Models'!Q33:Q62)/30,0) -> 5.6333333 | F10: =IFERROR(SUM('All Models'!Q63:Q92)/30,0) -> 6.0333333 | H10: =IF(AND(B10>=D10,B10>=F10),"ChatGPT 5.5",IF(AND(D10>=B10,D10>=F10),"Claude Sonnet 4.6","Gemini 3.1 Pro")) -> ChatGPT 5.5
A11: Runs with at least 1 trend recorded | B11: =COUNTIF('All Models'!Q3:Q32,">0") -> 30 | D11: =COUNTIF('All Models'!Q33:Q62,">0") -> 30 | F11: =COUNTIF('All Models'!Q63:Q92,">0") -> 30 | H11: / 30 each
A12: Avg number of other trends per run | B12: =IFERROR(AVERAGE('All Models'!P3:P32),0) -> 3.9666667 | D12: =IFERROR(AVERAGE('All Models'!P33:P62),0) -> 3.9 | F12: =IFERROR(AVERAGE('All Models'!P63:P92),0) -> 2.7666667 | H12: =IF(AND(B12>=D12,B12>=F12),"ChatGPT 5.5",IF(AND(D12>=B12,D12>=F12),"Claude Sonnet 4.6","Gemini 3.1 Pro")) -> ChatGPT 5.5
A13: Runs with ≥1 false temporal pattern (out of 30) | B13: =SUMPRODUCT(--((('All Models'!C3:C32="Yes")+('All Models'!E3:E32="Yes")+('All Models'!G3:G32="Yes")+('All Models'!I3:I32="Yes")+('All Models'!K3:K32="Yes"))>0)) -> 30 | C13: =IFERROR(B13/30,0) -> 1 | D13: =SUMPRODUCT(--((('All Models'!C33:C62="Yes")+('All Models'!E33:E62="Yes")+('All Models'!G33:G62="Yes")+('All Models'!I33:I62="Yes")+('All Models'!K33:K62="Yes"))>0)) -> 30 | E13: =IFERROR(D13/30,0) -> 1 | F13: =SUMPRODUCT(--((('All Models'!C63:C92="Yes")+('All Models'!E63:E92="Yes")+('All Models'!G63:G92="Yes")+('All Models'!I63:I92="Yes")+('All Models'!K63:K92="Yes"))>0)) -> 30 | G13: =IFERROR(F13/30,0) -> 1 | H13: =IF(AND(B13>=D13,B13>=F13),"ChatGPT 5.5",IF(AND(D13>=B13,D13>=F13),"Claude Sonnet 4.6","Gemini 3.1 Pro")) -> ChatGPT 5.5
A14: Mean false temporal claims per run (out of 5) | B14: =IFERROR(AVERAGEIF('All Models'!M3:M32,"<>",'All Models'!O3:O32),0) -> 2.9666667 | D14: =IFERROR(AVERAGEIF('All Models'!M33:M62,"<>",'All Models'!O33:O62),0) -> 1.7333333 | F14: =IFERROR(AVERAGEIF('All Models'!M63:M92,"<>",'All Models'!O63:O92),0) -> 3.2666667 | H14: =IF(AND(B14>=D14,B14>=F14),"ChatGPT 5.5",IF(AND(D14>=B14,D14>=F14),"Claude Sonnet 4.6","Gemini 3.1 Pro")) -> Gemini 3.1 Pro
A15: % of temporal categories with false-positive claim (per run avg) | B15: =IFERROR((COUNTIF('All Models'!C3:C32,"Yes")+COUNTIF('All Models'!E3:E32,"Yes")+COUNTIF('All Models'!G3:G32,"Yes")+COUNTIF('All Models'!I3:I32,"Yes")+COUNTIF('All Models'!K3:K32,"Yes"))/(5*COUNTIF('All Models'!M3:M32,"<>")),0) -> 0.59333333 | D15: =IFERROR((COUNTIF('All Models'!C33:C62,"Yes")+COUNTIF('All Models'!E33:E62,"Yes")+COUNTIF('All Models'!G33:G62,"Yes")+COUNTIF('All Models'!I33:I62,"Yes")+COUNTIF('All Models'!K33:K62,"Yes"))/(5*COUNTIF('All Models'!M33:M62,"<>")),0) -> 0.34666667 | F15: =IFERROR((COUNTIF('All Models'!C63:C92,"Yes")+COUNTIF('All Models'!E63:E92,"Yes")+COUNTIF('All Models'!G63:G92,"Yes")+COUNTIF('All Models'!I63:I92,"Yes")+COUNTIF('All Models'!K63:K92,"Yes"))/(5*COUNTIF('All Models'!M63:M92,"<>")),0) -> 0.65333333 | H15: =IF(AND(B15>=D15,B15>=F15),"ChatGPT 5.5",IF(AND(D15>=B15,D15>=F15),"Claude Sonnet 4.6","Gemini 3.1 Pro")) -> Gemini 3.1 Pro

Sheet Charts
A1: Detection Rate by Trend Type — All Models
A3: Trend Type | B3: ChatGPT 5.5 | C3: Claude Sonnet 4.6 | D3: Gemini 3.1 Pro
A4: Hourly | B4: =IFERROR(COUNTIF('All Models'!C3:C32,"Yes")/30,0) -> 0.76666667 | C4: =IFERROR(COUNTIF('All Models'!C33:C62,"Yes")/30,0) -> 0.53333333 | D4: =IFERROR(COUNTIF('All Models'!C63:C92,"Yes")/30,0) -> 0.56666667
A5: Daily | B5: =IFERROR(COUNTIF('All Models'!E3:E32,"Yes")/30,0) -> 0.033333333 | C5: =IFERROR(COUNTIF('All Models'!E33:E62,"Yes")/30,0) -> 0.1 | D5: =IFERROR(COUNTIF('All Models'!E63:E92,"Yes")/30,0) -> 0.36666667
A6: Weekly | B6: =IFERROR(COUNTIF('All Models'!G3:G32,"Yes")/30,0) -> 0.3 | C6: =IFERROR(COUNTIF('All Models'!G33:G62,"Yes")/30,0) -> 0.033333333 | D6: =IFERROR(COUNTIF('All Models'!G63:G92,"Yes")/30,0) -> 0.7
A7: Monthly/Seasonal | B7: =IFERROR(COUNTIF('All Models'!I3:I32,"Yes")/30,0) -> 0.86666667 | C7: =IFERROR(COUNTIF('All Models'!I33:I62,"Yes")/30,0) -> 0.066666667 | D7: =IFERROR(COUNTIF('All Models'!I63:I92,"Yes")/30,0) -> 0.66666667
A8: Spike/Cluster | B8: =IFERROR(COUNTIF('All Models'!K3:K32,"Yes")/30,0) -> 1 | C8: =IFERROR(COUNTIF('All Models'!K33:K62,"Yes")/30,0) -> 1 | D8: =IFERROR(COUNTIF('All Models'!K63:K92,"Yes")/30,0) -> 0.96666667
A9: Other | B9: =IFERROR(COUNTIF('All Models'!M3:M32,"Yes")/30,0) -> 1 | C9: =IFERROR(COUNTIF('All Models'!M33:M62,"Yes")/30,0) -> 1 | D9: =IFERROR(COUNTIF('All Models'!M63:M92,"Yes")/30,0) -> 1

Sheet Instructions
A1: Incident Pattern Analysis — 90-Run Tracker
A3: Purpose
A4: Track 90 analysis runs (30 each across ChatGPT 5.5, Claude Sonnet 4.6, and Gemini 3.1 Pro) testing whether each model detects the same patterns in the incident dataset.
A6: Sheets in this workbook
A7: • All Models — 90 rows pre-filled with Model + Run #; you record what each model found
A8: • Comparison Summary — counts, percentages, and leading model per trend type (auto-calculated)
A9: • Charts — bar chart of detection rates by trend type (auto-updates)
A10: • Instructions — this sheet
A28: Column meanings
A29: • Total Time Trend = count of time categories (Hourly, Daily, Weekly, Monthly, Spike) where the model said Yes. No counts as 0. Max = 5.
A30: • Total Non Time Trend = count of distinct trends listed in Other Trend Details. Parser accepts '1.' '2.' '3.'... or '(1)' '(2)' '(3)'... numbering.
A31: • Total Trends overall = Total Time + Total Non Time.
... A37: • 'Other Trends Found?' must be Yes for the count parser to run.
